{ 
    "_id" : ObjectId("5eb7d8b0024424ee16ce9bf7"), 
    "movieid" : "777", 
    "title" : "James Bond", 
    "year" : "2008", 
    "rating" : 4.5, 
    "totalusers" : NumberInt(1)
}
{ 
    "_id" : ObjectId("5eb7d8c3024424ee16ce9bf8"), 
    "movieid" : "111", 
    "title" : "Extraction", 
    "year" : "2020", 
    "rating" : 4.5, 
    "totalusers" : NumberInt(1)
}
{ 
    "_id" : ObjectId("5eb7d8d4024424ee16ce9bf9"), 
    "movieid" : "101", 
    "title" : "Soldier", 
    "year" : "2002", 
    "rating" : 0.0, 
    "totalusers" : NumberInt(0)
}
{ 
    "_id" : ObjectId("5eb810a94c8ac94d691c3f9b"), 
    "movieid" : "107", 
    "title" : "Avengers", 
    "year" : "2019", 
    "rating" : 4.333333333333333, 
    "totalusers" : NumberInt(3)
}
